{"magaPresaleState":{"usd_raised":299365.71653259033,"tokens_sold":5668023340,"tokens_staked":5007066703,"APY":269.56716977453056,"solana_price":200.17},"kamaPresaleState":{"usd_raised":154498.33508286165,"tokens_sold":2775484977,"tokens_staked":1904562659,"APY":708.6880516226691,"solana_price":200.17}}